,CACCGCGGTTATACGAGAGACCCAAGTTGATAGACAGCGGCGTAAAGAGTGGTTAAGAACTAAACCAAAAACTAAAGCCGAACGCTCTCAAAGCTGTTATACGCACTCGAGAGTATGAAGTTCAACTACGAAAGTGGCTTTACCCCCTCTGAACCCACGAAAGCTAGGACA,CACCGCGGTTATACGGGTGGCCCAAGTTGTCAGAAGTCGGCGTAAAGGGTGGTTAAGAGCAAACTTAAGATTAAAGCCGAACACCTTCCAGACCGTTATACGTATCCGAAGGCAAGAAGCTCAATTACGAAAGTAGCTTTATATTTTCTGAACCCACGAAAGCTAAGGTA,CACCGCGGTTATACGAGAGGTCCAAGTTGATAGCCATCGGCGTAAAGAGTGGTTAAGAGAAAACCAAAACTAAAGCTGAACACTCTCAAGACTGTTATACGTTCCCGAGAGCCAGAAGCCCTTCTACGAAAGTGGCTTTAACCCTTCTGAACCCACGAAAGCTAGGGAA,CACCGCGGTTATACGAGAGACCCAAGTTGATAGACAGCGGCGTAAAGAGTGGTTAAGAACAAACCCTAAACTAAAGCCGAACGCTCTCAAAGCTGTCATACGCACTCGAGAGTATGAAGTTCAATTACGAAAGTGGCTTTACTTTTTCTGAACCCACGAAAGCTAGGGCA,CACCGCGGTTATACGAAAGACCCAAGCTGATAGATGCCGGCGTAAAGAGTGGTTAAGTATCTTGATAGAACTAAAGCCGAACGCCCTCAAGACCGTTATACGTTTCCGAAGGTATGAAGACCAACTACGAAAGTAACTTTAACTATATCCGACTCCACGAAAGCTGTGAAA,CACCGCGGTTATACGGGAGGCCCAAGTTGCTAGGAGTCGGCGTAAAGGGTGGTTAAGAACAAAACTAAAATTAAAGTCGAACATCTTCCGAGCTGTTATACGCATCCGAAGGTAAGAAGCTCAAATGCGAAAGTAGCTTTATATCTTCTGAATCCACGAAAGCTGAGATA,CACCGCGGTTATACGAGAGACCCAAGTTGACAGACTCGGCGTAAAGAGTGGTTATGGGTACAATAAGCTAAAGCTGAACGCCTCTCAGGCTGTTATACGCTCCCAGAAGGCGGAAACTCGCAGACGAAAGTAGCTTTACCAGATAGACCAGAGCCCACGATAGCTAGGGTA,CACCGCGGTTATACGAGGGGCCCAAGTTGATAGACACCGGCGTAAAGGGTGGTTAGGATAAAATTAAAGACTAAAGCCGAACACCTTCAAGGCTGTTATACGCACCCGAAAGTAAGAAGCTCAATCACGAAAGTGGCTTTACTCCTTCCGAACCCACGAAAGCTGGGGCA,CACCGCGGTTATACGAGAGGCCCAAGCTGATAGACATCGGCGTAAAGCGTGGTTAGGAGTACTACATGATTAAAGTCGAATGTTTTCAAAGCTGTTATACGCATCCGAAAACTAGAAGCACAACAACGAAGGTGACTTTACAATTTCTGAATCCACGAAAGCTAAGGCA,CACCGCGGTTATACGAGAGGCCCAAGTTGATAGTATTCGGCGTAAAGAGTGGTTAAACTAGACTTAAGCTAAAGCCGAACTCCCTCATGGCTGTTATACGCACCCGAGGGTAAGAAGCCCCTCCACGAAAGTGGCTTTAATAATTTTGATCCCACGAAAGCTGAGAAA,CACCGCGGTTATACGAGAGGTCCAAGCTGACAGCCATCGGCGTAAAGAGTGGTTAAGTTACCCCAATACAACTAAAGTCGAACGCCCCCAAGACCGTTATACGTGCTCGGAGGTATGAAGCCCAACTACGAAAGTGGCTTTAAATTTCCTGACCCCACGAAAGCTGTGAAA,CACCGCGGTTATACGAGAGGCCCAAGTTGATAGACATCGGCGTAAAGAGTGGTTAAGTAATCCCCCCACTAAAGCCGAACGCCTCCAAGACTGTAATACGTGTTCGGAGGTATGAAGCCCAACTACGAAAGTGGCTTTAAAAAAACTGACCCCACGAAAGCTGAGAAA,CACCGCGGTTATACGAGAGGCCCAAGTTGACAAGCATCGGCGTAAAGAGTGGTTAATAGAAATTTATACTAAAGCCGAACACCATCAAGACTGTTATACGTGCCTGAAGGTAGGAAGCCCCACAACGAAAGTGGCTTTAAACACTATTGAACCCACGAAAGCTAGGAAA,CACCGCGGTTATACGAGAGGCTCAAGTTGACAGACAACGGCGTAAAGAGTGGTTAAGGAATTTACTAAACTAAAGCCGAACGCCCTCAGAACTGTTATACGTTTCCGAAGGTAAGAAGCCCCACCACGAAAGTGACTTTATTTTCCCCGACTCCACGAAAGCTGCGGAA,CACCGCGGTTATACGAGAGACCCAAGTTGTTAGCCAACGGCGTAAAGGGTGGTTAGAACTATAAACAACAAACTGAGACCGAACACCTTCAAGGCTGTTATACGCTTCCGAAGCAACGAAGAACAATAACGAAAGTAGCCTCACTAACTCGAACCCACGAAAGCTAGGACA,CACCGCGGTTATACGAGAGGCTCAAGTTGATAAATGCCGGCGTAAAATGTGGTTAACATAAAAATATACTAAAGCTAAACATCTTCAAAGCTGTTATACCCACACGAAGACAGGAAGACCTTCTACGAAAGTGGCTTTAAATGATGCTAACCCACGAAAACTAGGAAA,CACCGCGGTTATACGAGAGGCCCAAGCTGACAGCCATCGGCGTAAAGCGTGGTTAAAATAATAACAAAATAAAGCCGAATGCTCCCTCAACTGTTATACGTTCTCGAGAGCCAGAAGACCCCTAACGAAAGTAGCTTTAATACTATTGAACCCACGAAAGCTAAGACA,CGCCGCGGTTATACGAGTAGGCCCAAGTGGATAGAATTCGGCGTAAAGAGTGGTTAATAGAATCTTATACTAAAGCCGAACGCCCTCAAAGCAGTTATACGCATTCGAGGGTATGAAGCCCCACAACGAAAGTGGCTTTAAACACTATTGAACCCACGAAAGCTAGGGAA,CACCGCGGTTATACGAGAGGCCCAAGTTAACAGGACCTCGGCGTAAAGCGTGGTTAAATTAATTTACACTAGAGCCGAATACCCCCGAAGCTGTTATACGCACCCGGGGGCCAGAAGCCCCACCACGAAAGTGGCTTTATTTTGTTTGAGCCCACGAAAGCTAGGACA,CACCGCGGTTATACGAGAGACCCAAGTTGATAGACAGCGGCGTAAAGAGTCATTACAGACTAAACCAAAAACTAAAGCCGAACGCTCTCAAAGCTGTTATACGCACTCGAGAGTATGAAGTTCAACTACGAAAGTGGCTTTACCCCCTCTGAACCCACGAAAGCTAGGACA,CACCGCGGTTATACGAGAGGCCCAAGTTAATACCCTTCGGCGTAAAGAGTGGTTAAGAAAAATTCTCACTAGGGCTAAATATTCTCCAAGCTGTCATACGCACCTGAGAAAAAGAGAACCTCATACGAAAGTGGCCCTAACTTATCTGAATCCACGAAAGCCAGGGAA,CACCGCGGCTATACGAGAGGCCCAAGTTGATACCATTCGGCGTAAAGAGTGGTTATGGAAAATAAAAACTAAAGCCGCACGCCTTCAAAGCTGTTATACGCATCCGAAGGTTAGAAGATCAATCACGAAGGTAGCTTTACAACCCCTGACCCCACGAAAGCTCTGGCA,CACCGCGGTTATACGAGAGACCCAAGTTGTTAGACATCGGCGTAAAGAGTGGTTAAGATTTATATAGGACTAAAGCCGAACGCCCTCAAAGCCGTTATACGCATCCGAAGGTAAGAAGCCCAACAACGAAAGTGGCTTTATGTTATCCGAATCCACGAAAGCTATGACA,CACCGCGGTTATACGAGAGGTCCAAGCTGACAGCCATCGGCGTAAAGAGTGGTTAAGTTAACCTTATACAACTAAAGTCGAACGCCCCCAAGACCGTTATACGTGCTCGGAGGTATGAAGTCCAACGACGAAAGTGGCTTTAAAATTCCTGACCCCACGAAAGCTGTGAAA,CACCGCGGTCACACGATTAACCCAAGTCAATAGAAGCCGGCGTAAAGAGTGTTTTAGATCACCCCCTCCCCAATAAAGCTAAAACTCACCTGAGTTGTAAAAAACTCCAGTTGACACAAAATAGACTACGAAAGTGGCTTTAACATATCTGAACACACAATAGCTAAGACC,CACCGCGGTTATACGAGAGGCCCAAGCTGACAGCCCTTCGGCGTAAAGCGTGGTTAGAATAGAAAGATAAATTAAAGCCGAATGCTCCCTAAGCTGTTATACGCTCTCGAGAGCTAGAAGATCTTTTACGAAAGTAGCTTTATTACATTGAATCCACGAAAGCTAAGATA,CACCGCGGTTATACGAGAGGCCCAAGTTGATAGACTACGGCGTAAAGCGTGGTTAAGAAACACATTAAACTAAAGCCGAATGCCCTCAGAGCTGTTATACGCTCACGATGGTCAGAAGCCCAATCACGAAAGTAGCTTTACTTAACCTGAAGCCACGAAAGCTATGACA,CACCGCGGTTATACGAGAGACCCAAATTGATCAACAACGGCGTAAAGGGTGGTTAAACTAATTACTATTAAAGCCAAATTCGCCCCTGACTGTTATACGTTACGGGATGAAGAAGAACTAAAACGAAAGTAGCTTTAAAATTTTGAATCCACGAAAGCTAGGGTA,CACCGCGGTTATACGAGAGACCCAAGTTGATAGACACCGGCGTAAAGAGTGGTTAAGATTTATTCAACACTAAAGCCGAACGCCCTCAGAGCTGTTATACGCACCCGAGGGTAAGAAGCCCAACCACGAAAGTGGCTTTAAACTATCCGAATCCACGAAAGCTATGACA,CACCGCGGTTATACGAAAGGCCCAAGTTGACCACCACCGGCGTAAAGCGTGGTTAGGTTTATGTACAATATGACTAAAGTCGAACTCCTTCAAGGCCGTTTAACGTGTTCGAAAGGGAGAAGCACAACTACGAAAGTGACTTTACAAACCTGACTCCACGAAAGCTAAGGCA,AACCGCGGTTATACGAGAGGCCCAAGTTGATAGGAATCGGCGTAAAGGGTGGTTAAGGGTTATTACAAAATAAAGCCAAAGATTCTCAATGCTGTTATACGCTCTCGAGGACTCGAAGCCCCACCACGAAAGTGGCTTTACCCCACCCCGAACCCACGAAAGCCAGGGTA,AACCGCGGTTATACGAGAGGCCCAAGTTGATAGGATTCGGCGTAAAGGGTGGTTAAGGGTTACTAAAAATAAAGCCGAACGTTCTCAATGCTGTTATACGCTCCCGAGGACTCGAAGCCCCACCACGAAAGTGGCTTTACCCCGCCCCGAACCCACGAAAGCCAGGGTA,CACCGCGGTTATACGAGAGGCCCAAGTTGATAGACGTCGGCGTAAAGAGTGGTTAAGAGCATGATATACTAAAGCCGAATGCCCCCACAGCTGTCATACGCACTCGGAGGTAAGAAGCCCAATCACGAAAGTAGCTTTATTATACCTGAACCCACGAAAGCTAAGACA,CACCGCGGTTATACGAGAGGCCCAAGTTGACAAATGCCGGCGTAAAGAGTGGTTAATAACCTGCTAAACTAAAGCCGAACCCCTTCAAGACCGTTATACGTACCCGAAGGCAGGAAGCCCCCCAACGAAAGTGGCTTTAACCCATATGAACCCACAAAAGCTAAGATA,CACCGCGGTTATACGAAAGACCCTAGTTGATACACACGGCGTAAAGGGTGGTTAAGGATAACACACAATAAAGCCAAAGATCTTCTAAGCCGTTATACGCACCCCGAAAGTCACGAGGCCCAGATACGAAAGTAGCTTTAAGACAAGCCTGACCCCACGAAAGCTAAGAAA,CACCGCGGTTATACGAGAGGCCCAAGCTGACAGCCATCGGCGTAAAGCGTGGTTAAATACATACATAAAATAAAGCAGAATGTTTCCTGAACTGTTATACGTACTCGGAAGCTAGAAACCCCCCTACGAAAGTAGCTTTAACACTATTGAACCCACGAAAGCTAAGACA,CACCGCGGTTATACGAGAGGCCCAAGTTGATAGTTATCGGCGTAAAGAGTGGTTAAGTTAGCCCCAACAACACTAAAGCCGAACGCCCCCAAAACCGTTATACGTTCTCGGGGGTATGAAGCCCAACTACGAAAGTGGCTTTAAAATACCCGACCCCACGAAAGCTGTGAAA,CACCGCGGTTATACGGGAGGCCCAAGTTGTTAAAAATCGGCGTAAAGGGTGGTTAAGAGCAAGCTTAAAATTAAAGCCGAACGCCTTCTAGGCTGTTATACGCATCCGAAGGTAAGAAGCCCAATCACGAAAGTAGCTTTATATTTTCTGACCCCACGAAAGCTAAGATA,CACCGCGGTTATACGGGAGACCCAAGTTGACAAACGTCGGCGTAAAATGTGGTTTATACAGTATTGCACTAAAGCTAAACTTCTTCAACGCTGTTATACGCATTCGAAAGAAAGAGAATCTTCAACGAAAGTGGCTTTAAATATTATGAACCCACGAAAGCTAGGAAA,CACCGCGGTTATACGAGAGGCCCAAGTTGATAGACCTTCGGCGTAAAGTGTGGTTAGAACAACAAGGAACTAAAGCCAAACGCTCTCAAAACTGTTATACGCGCTTGAGAGTCAGAAGCCCCACCACGAAAGTGGCTTTACATCATTGAACCCACGAAAGCTAAGACA,CACCGCGGTTATACGAGAGACCCAAGTCGATGGTCTTCGGCGTAAAGAGTGGTTAGGAAATAACTAAAACTAAAGGTGAATATTCTCAGAGCTGTTGAACGCTAATGAGAAGATGAAAATCAACTACGAAAGTGACTTTAAACCCCTGACCCCACGAAAGCTAAGGTA,CACCGCGGTTATACGAGAGGCTCAAGTTGATAAACACCGGCGTAAAATGTGGTTAACATATTTTTATAATAAAGCTAAACATCTTCAAAGCTGTTATACTCACACGAAGACAGGAAAACCTTCTACGAAAGTGGCTTTAAATTAATGCTAACCCACGAAAACTAGGAAA,CACCGCGGTTATACGAGAGACCCAAATTGACAGTACCCGGCATAAAGTGTGGTTAAGAAATAAACACAATAAGGCCAAACTCTTTCAAGGCTGTTATACGCAACCGAAAGAAAGAAGATCAACAACGAAAGTGACCTTAGCCCAACCTGAACCCACGAAAGCTAGGAAA,CACCGCGGTTATACGAGGGGCCCAAGTTGATACTTTCCGGCGTAAAAAGTGGTTATGGAATATACAAACTAGAGCCGTACTCCTTCAAAGCTGTCGCACGCACCCGAAGAACAGAAGCCCAACCACGAAGGTGGCTTTATAACCCCTGACCCCACGAAAGCTATGACA,CACCGCGGTTATACGAGAGGCCCAAGTTGATGGACTACGGCGTAAAGAGTGGTCAGGGAAACTTTTAAACTAAAGCCGAACATCCTCATAGCAGTCTAAAGCTTCCGAGTTAAGAAGCCCAACCACGAAAGTAGCTTTAAACAACCTGACTCCACGAAAGCTGAGGCA,CACCGCGGTTATACGAGAGGCCCAAGTTGACAAAAACCGGCGTAAAGAGTGGTTAGTAATTTTTAAACTAAAGCCGAACACCTTCGATACTGTCATACGTGACCGAAGGCAGGAAGACCTCCAACGAAAGTGACTTTAACCCAATATGAACCCACGAAAGCTAGGATA,CACCGCGGTTATACGAAGAGGCTCGAATTGATATTTCACGGCGTAAAGAGTGATTAGAAGAAACAAAAACTAAAGCCAAATACCTCCCTAGCCGTCATACGCTTAAAGAGGCACGAAGCCCCACAACGAAAGTAGCTTTAACCCAACACCTTGAATTCACGAAAATTAAGAAA,CACCGCGGTTATACGAGAGGCCCAAGTTGATAGCCATCGGCGTAAAGAGTGGTTAAGAAAACCCCTAAAACTAAAGCTGAACACTCTCAAGACTGTTATACGTACCCGAGAGCAAGAAGCCCTTCTACGAAAGTGGCTTTAACCCTTCTGAACCCACGAAAGCTGGGGAA,CACCGCGGTGAGACGAGAGGCTCAAGTTGACAAATACGGCACAAAGCGTGGTTAGGGAGCCCTACAAACTAAAGTCAAACGCCTTCAAAGCTGTTATACGCACTCGAAGGTATGAAGCCCAATCACGAAAGTAACTTTAACACCCCTGAACCCACGAAAGCTAAGGAA,CACCGCGGTTATACGAGAGGCTCAAGTTGACAGACAACGGCGTAAAGAGTGGTTAAGGAAAACATTCAACTAAAGCGGAACCCCCTCATTGCTGTTATACGCTTCCGAGGGGATGAACCCCAACTACGAAGGTGGCTTTATATTAACCTGAACCCACGAAAGCTAAGAAA,CACCGCGGTTATACGAGAGGCCCAAGTTGACAGCTACCGGCGTAAAGCGTGGTTAAGGCGTGACTATTACTAAAGTCGAACTCCTTCAAGACCGTTGAACGTATTCGATACGGAGAAGCCCAACTACGAAAGTGACTTTACAAACCTGACCCCACGAAAGCTATGGCA,CACCGCGGTTATACGAGAGGCCTAAGTTGACAGACACCGGCGTAAAGAGTGGTTAGGGAAGTGACACACTAAAGCCGAATACCCTCAAAGCTGTCATACGCTACGAGGGCAAGAAGCCCCACTACGAAAGTGGCTTTAATCTTCCTGACCCCACGAAAGCTGAGGGA,CACCGCGGTTACACAAGAAGCCCAAACTAACAGACAACCGGCGTAAAATGTGATTAAAACTTTTAACCCATAAAATTAAGGTGAACTACTTACTTCGCTGTCATACGCAAAAGTATACATTAACACACTATGAAAATAACCTTAATATAAAGGAACTATTTGAACCCACGATCGCTAAAACA,CACCGCGGTTATACGAGGGGCCCGAGTTGACAATCATCGGCGTAAAGAGTGGTTAGGATGTTTACTAAACTAAAGCCGAACGCCGTCCAAGCTGTTATACGCGTTTGATGGTAAGAAGCACACCCACGAAAGTGGCTTTACATACTCTGAATCCACGAAAACTACGATA,CACCGCGGTTATACGAGAGACCCTAGTTGATTTAAACGGCGTAAAGAGTGGTTATGGAAATTTTTTATAAAGTGGAAAACCCCTTAAACTGTTATACGCACCCGGGGGTCAGAACCCCTCGCACGAAAGTAACTTTATTAACGTCAACCAGAACCCACGAAAGCCAGGGTA,CACCGCGGTCATACAAGAAACCCAAATCAATAGCTACCCGGCGTAAAGAGTGGCCACATGTTATCTGCACCAGCTAAGATTAAAATGCAACCAAGCTGTCATAAGCCTAAGATCCACCTAAACCCAACCCAAATCCATCTTAGCCTAAACGATTAATTTTAACCCACGAAAGCTAGGACC,AACCGCGGTTACACGGGGGGCTCAAGTTGACAGACGCCGGCGTAAAGCGTGGTTAGGGAAACATTTTAAACTAAAGCCGAACGTCCTCAGAGCAGTTCAACGCTTCCGAGTTAAGAAGACCTATCACGAAAGTAGCTTTACCTTACCTGACCCCACGAAAGCTGTGGCA
Gr2-S01,71,618,1165,0,132,1648,2,0,2,1,168,194,44,260,137,734,308,792,0,1,364,0,158,185,16,0,271,2,0,1,0,0,0,1,0,0,0,0,0,0,23,120,0,0,1,0,1,0,0,0,1,1,0,0,0,0,0
Gr2-S02,6590,1387,54,4,1032,462,666,56,261,182,302,0,96,80,0,2,1,0,0,120,1,0,0,348,51,342,0,1,2,110,0,247,39,159,64,115,1,138,61,146,0,0,0,142,0,51,94,0,0,0,0,1,0,44,39,8,3
Gr2-S03,798,103,0,0,97,59,44,0,0,25,0,0,14,0,2,0,0,0,0,22,0,14,0,0,0,0,0,0,1,0,0,0,0,0,0,0,21,0,0,0,0,0,0,0,0,5,0,0,64,0,0,0,0,0,0,26,0
Gr2-S04,4,0,0,0,3,0,1,0,0,0,0,0,0,0,0,0,0,0,0,0,0,0,0,0,1,0,0,0,0,0,0,0,0,0,0,0,0,0,0,0,0,0,0,0,0,0,0,0,0,0,0,0,0,0,0,0,0
Gr2-S05,4,0,0,0,3,0,1,0,0,0,0,0,0,0,0,0,0,0,0,0,0,0,0,0,14,0,0,0,0,0,0,0,0,0,0,0,0,0,0,0,0,0,0,0,0,0,0,0,0,0,0,0,0,0,0,0,0
Gr2-S06,2289,766,434,0,376,1,166,151,68,1,96,5,147,227,111,2,0,0,177,59,160,0,0,0,6,67,0,0,0,19,0,0,221,112,59,0,139,0,0,0,0,29,0,0,1,35,1,1,0,0,51,0,0,0,0,0,0
Gr2-S07,2817,1278,26,0,131,327,2,270,3,441,273,1,144,106,199,1,150,0,256,48,61,0,0,1,34,0,0,1,1,20,93,0,0,2,17,0,28,0,0,0,54,0,133,1,0,0,0,0,0,0,0,1,36,0,0,0,0
species,Siganus canaliculatus,Rhabdosargus sarba,Atherinomorus pinguis,Siganus guttatus,Mugil cephalus,Acanthopagrus schlegelii ,Spratelloides gracilis,Lateolabrax maculatus,Monacanthus chinensis,Enneapterygius etheostoma,Planiliza macrolepis,Oedalechilus labiosus,Bathygobius hongkongensis,Abudefduf bengalensis,Takifugu,Luciogobius martellii,Omobranchus fasciolatoceps,Bathygobius fuscus,Istiblennius dussumieri,Siganus,Atherion elymus,Sebastiscus marmoratus,Lutjanus  fulviflamma,Planiliza affinis,Homo Sapiens,Parablennius yatabei,Terapon jarbua,Repomucenus curvicornis,Lutjanus argentimaculatus,Gerres,Parupeneus biaculeatus,Parupeneus indicus,Sillago aeolus,Drombus triangularis,Plotosus lineatus,Omobranchus elongatus,Moolgarda seheli,Pagrus major,Tridentiger trigonocephalus,Entomacrodus stellifer stellifer,Thalassoma lunare,Luciogobius guttatus,Nuchequula nuchalis,Parascorpaena aurita,Neopomacentrus bankieri,Istigobius campbelli,Cirrhimuraena playfairii,Doboatherina woodwardi,Solea ovata,Trachurus japonicus,Gerres filamentosus,Hyporhamphus quoyi,Trachemys scripta,Pempheris schwenkii,Encrasicholina heteroloba,Gallus gallus,Neopomacentrus cyanomos
,Siganus fuscescens,,,,,,,Lateolabrax japonicus,,,,,,,Takifugu pardalis,,,,,Siganus canaliculatus,,,,Chelon carinatus,,,,,,Gerres equulus,,,,,,,,,,,Halichoeres nigrescens,,,,,,,,,Trachurus trachurus,Gerres microphthalmus,,Mauremys japonica,,,,
,,,,,,,,,,,,,,,Takifugu poecilonotus,,,,,Siganus fuscescens,,,,,,,,,,Gerres oyena,,,,,,,,,,,,,,,,,,,,,,,,,,,
,,,,,,,,,,,,,,,Takifugu poecilonotus,,,,,,,,,,,,,,,Gerres equulus,,,,,,,,,,,,,,,,,,,,,,,,,,Chicken,
